1,エントリーポイント19倍 送料無料 お中元 ギフト スイーツ ヨックモック 御中元 お菓子 洋菓子 プレゼント 誕生日 詰め合わせYCE-30 サンク デリス(5種51個入り)チョコ クッキー 個包装 焼き菓子 お祝い お返し 誕生日 お取り寄せ セット のし 出産祝い 退職祝 挨拶
2,銀座千疋屋　銀座ゼリーB（9個入り）［送料無料］～ お中元 千疋屋 フルーツ ゼリー アイス お菓子 ギフト 内祝い スイーツ 送料無料 ～
3,お中元 ギフト プレゼントお中元 お中元ギフト 御中元 中元 御中元ギフト 贈り物 内祝い お返し ランキング おしゃれ お中元 ギフト プレゼント 健康ギフト ヘルシー 送料無料 お祝い スイーツ お菓子 わかやまポンチ6個入
4,[送料無料] 日本橋 千疋屋総本店 フルートジェリー 9本入
5,【TV紹介】御中元 お中元 ギフト スイーツ 送料無料 誕生日 プレゼント おしゃれ 彩果の恵み 生チーズケーキ 詰め合わせ 8個 プリン ケーキ 健康スイーツ 個包装 小分け お取り寄せ お菓子 洋菓子 健康 フルーツ 出産祝 内祝 お祝 お返し お礼 夏ギフト 暑中見舞い あす楽
6,エントリーポイント10倍 送料無料 お中元 ギフト スイーツ ヨックモック 御中元 お菓子 洋菓子 プレゼント 誕生日 内祝い 手土産 詰め合わせYCLT-30 カドー ドゥ レテ(4種40個入り)チョコ クッキー 手土産 個包装 焼き菓子 お祝い お返し お取り寄せ のし 出産祝い
7,TVで話題！ 送料無料 お中元 人気スイーツ お中元 御中元 プレゼント スイーツ アイスクリーム 抹茶パフェアイスバー 5本入 【冷凍】【同梱不可】 § チョコ チョコレート 福袋 アイス 詰め合わせ お土産 お取り寄せ 贈り物 伊藤久右衛門 かわいい 2022 ギフト お中元ギフト
8,お中元 ギフト HTF-30ASA テリーヌ・ドゥ・フリュイ・アソート MAボックス お届けは8/31まで暑中見舞い お供え お彼岸 お菓子 スイーツ 洋菓子 手土産 お返し 贈り物 出産 お礼 ゼリー フルーツ
9,送料無料 ワッフル ケーキ 10個入り お取り寄せ スイーツ お中元 | お菓子 手土産 洋菓子 ギフト 退職 出産内祝い 出産 内祝い おしゃれ 誕生日 プレゼント 詰め合わせ ワッフルケーキ 結婚祝い 焼き菓子 焼菓子 異動 夏 お取り寄せスイーツ 御中元 夏ギフト 暑中見舞い お礼
10,[送料無料] 日本橋 千疋屋総本店 フルートジェリー 16本入
11,【送料無料】お中元 お中元ギフト ブールミッシュ 果実めぐり 12個入り『常温配送』《JM-C》ゼリー 詰め合わせ 詰合せ 御見舞 お供え 初盆 御供 帰省土産 出産祝い 内祝 お返し 手土産 スイーツ ギフト 暑中御見舞
12,銀座千疋屋　銀座フルーツジュレ（12個入り）［送料無料］～ お中元 千疋屋 フルーツ ゼリー アイス お菓子 ギフト 内祝い スイーツ 送料無料 ～
13,お中元ギフト お中元プレゼント 御中元 御中元ギフト 暑中見舞い 暑中お見舞い お中元 みかんジュース ストレート みかんゼリー 詰め合わせ スイーツ ゼリー 送料無料 内祝 洋菓子 v-113 無添加 和歌山 贈答用 結婚内祝 出産内祝 誕生日 快気祝 お返し お取り寄せ
14,銀座千疋屋 ［新入荷］銀座プリン詰合せ（8個入り）［送料無料］～ プリン お中元 千疋屋 フルーツ ゼリー アイス お菓子 ギフト 内祝い スイーツ 送料無料 ～
15,お中元 ギフト 御中元 中元 スイーツ お菓子 おもたせ 手土産 送料無料 パティスリー キハチ出産 内祝い お返し スイーツ お菓子 洋菓子 セット 詰め合わせ おしゃれデザートゼリー 8個入ゼリー ギフト 内祝 御礼 お返し スイーツ お菓子 セット 詰め合わせ
16,★決済方法はクレジット、後払いのみ受付★ お中元 送料無料 ギフト 夏ギフト 涼水菓 涼風夏撰「RG-30」｜菓子 スイーツ ゼリー プレゼント 御中元 サマーギフト 贈り物 内祝い お返し 詰め合わせ 涼菓 冷たいスイーツ スウィーツ 果物ゼリー フルーツゼリー
17,プリン 【 お中元 】 スイーツ 財宝 プレミアム プリン 送料無料 選べる6種 6個入 (スペシャル 抹茶 ショコラ チーズ 紅はるか きなこ ) お菓子 お取り寄せ お中元 瓶 プレゼント 詰め合わせ セット ギフト 内祝い 誕生日プレゼント お取り寄せ
18,早得キャンペーンポイント5倍〜 御中元 お中元 夏ギフト 70代 80代 ゼリー 2022 プレセント お土産 贈り物 ギフト Gift パティスリー銀座千疋屋 送料無料 銀座ゼリーB（9個入）
19,【新発売記念特価300円引き】【送料無料】お中元 ギフト 6個セット ゴロっと果物たっぷりゼリー(冷蔵) 130g×6個人気 国産 ブランド 手土産 誕生日 お礼 ご挨拶 贈答 ゼリーギフト フルーツゼリー 夏ギフト 御中元
20,送料無料 ワッフルケーキ20種入り お中元 御中元 | 洋菓子 ギフト ケーキ 冷凍 退職 手土産 お菓子 おしゃれ 出産内祝い 内祝い 詰め合わせ ワッフル お祝い 誕生日 プレゼント おかし 結婚祝い 焼き菓子 焼菓子 お取り寄せスイーツ 産休 差し入れ 夏ギフト 暑中見舞い お礼
21,TOKYO BakedBaseギフトセットM｜SAND COOKIE LANGUE DE CHAT｜御中元 お中元 夏ギフト 内祝 御祝 焼き菓子 ギフト 洋菓子 内祝い お礼 お祝い プレゼント お土産 手土産 個包装 東京 あす楽対応 送料無料 宅急便発送 Agift
22,お中元 ギフト 送料無料 お菓子 ゼリー 詰め合わせ 涼の雫 ゼリー詰め合わせ 8個（8/6以降順次出荷）（包装済）（あす楽一時休止中）指定日不可 / お供え 日持ち 内祝い お返し 京寿楽庵 セット 詰合せ 内祝い お返し 出産 写真入り メッセージカード プレゼント
23,エントリーポイント10倍 お中元 ギフト スイーツ ヨックモック 御中元 お菓子 洋菓子 プレゼント 誕生日 内祝い 手土産 詰め合わせ YCLT-20 カドー ドゥ レテ(4種28個入り)チョコ クッキー 個包装 焼き菓子 お祝い お返し お取り寄せ のし 出産祝い 退職祝い 還暦祝
24,【ポイント5倍7月27日0時〜31日23時59分】【B配送】シェ・シバタ ジュレ・ドゥ・フリュイ 10本入 ゼリーセット ギフト サマーギフト お中元 夏ギフト フルーツジュレ ジュレ 贈り物 詰め合わせギフト 送料無料 常温 ギフトセット 詰め合わせ セット 小分け 個包装
25,エントリーポイント10倍 送料無料 お中元 ギフト スイーツ ヨックモック 御中元 お菓子 洋菓子 プレゼント 内祝い 手土産 詰め合わせYCE-40 サンク デリス(5種66個入り)チョコ クッキー 個包装 焼き菓子 お祝い お返し 誕生日 お取り寄せ セット のし 出産祝 お土産
26,お中元 ギフト HTF-40 送料無料 テリーヌ・ドゥ・フリュイ 9コ入リ お届けは8/31まで暑中見舞い お供え お彼岸 お菓子 スイーツ 洋菓子 手土産 お返し 贈り物 アンリ 出産 内祝 お礼 ゼリー フルーツ
27,【期間限定ポイント10倍】 お中元 ギフト 手土産 お中元 御中元 お返し パティスリー キハチ 送料無料 お菓子 スイーツ 御菓子 内祝い お菓子 おもたせ 焼菓子ギフト 8種15個入百貨店で人気！ 食べ物 誕生日 高級 帰省土産 暑中見舞い 御礼 お礼
28,エントリーポイント10倍 お中元 ギフト スイーツ ヨックモック 御中元 お菓子 洋菓子 プレゼント 誕生日 内祝い 手土産 詰め合わせYCG-B シガール(14本入り)チョコ クッキー 個包装 焼き菓子 お祝い お返し 古稀祝 誕生日 お取り寄せ セット のし 出産祝い 退職祝い
29,御中元 お中元 送料無料 スイーツ 誕生日プレゼント 残暑見舞い 敬老の日 お歳暮 プレゼント ギフト 贈答品 お菓子 おしゃれ 洋菓子贈答品 食べ物 詰め合せ 人気 ランキング【ヘルシースイーツアソート 8個入】
30,お中元 御中元 ギフト スイーツ お菓子 高級 送料込み ネット限定神戸・港町の午後S【日本ギフト大賞兵庫県賞受賞】神戸壺プリン 神戸壷プリン 内祝い お取り寄せスイーツ お菓子 内祝 壺プリン アイス プリン 【TV・雑誌・デパ地下で話題】
